title,author,length
Enchanting Exposition,Alice Winters,Length: 8 hrs and 43 mins
Dangerous Affair,Alice Winters,Length: 8 hrs and 43 mins
The Summer I Destroyed You,Alice Winters,Length: 8 hrs and 43 mins
Dead Serious Case #3: Mr Bruce Reyes,Alice Winters,Length: 8 hrs and 43 mins
The Love You Fight For,Alice Winters,Length: 8 hrs and 43 mins
Sunny in Vegas,Alice Winters,Length: 8 hrs and 43 mins
Drunk on You,Alice Winters,Length: 8 hrs and 43 mins
See No Evil,Alice Winters,Length: 8 hrs and 43 mins
To Catch a Firefly,Alice Winters,Length: 8 hrs and 43 mins
Lost Clause,Alice Winters,Length: 8 hrs and 43 mins
The One for Me,Alice Winters,Length: 8 hrs and 43 mins
Recon,Alice Winters,Length: 8 hrs and 43 mins
The Knight,Alice Winters,Length: 8 hrs and 43 mins
Defiance of the Fall 13,Alice Winters,Length: 8 hrs and 43 mins
Crush (Part 2 of 2) (Dramatized Adaptation),Alice Winters,Length: 8 hrs and 43 mins
Foster,Alice Winters,Length: 8 hrs and 43 mins
Eyes Tight Shut,Alice Winters,Length: 8 hrs and 43 mins
Hell for Hire,Alice Winters,Length: 8 hrs and 43 mins
He Who Fights with Monsters 11: A LitRPG Adventure,Alice Winters,Length: 8 hrs and 43 mins
Imminent,Alice Winters,Length: 8 hrs and 43 mins
Guilty Mothers,Angela Marsons,Length: 8 hrs and 31 mins
Iron Flame (Part 2 of 2) (Dramatized Adaptation),Angela Marsons,Length: 8 hrs and 31 mins
State of Suspense,Angela Marsons,Length: 8 hrs and 31 mins
The Forever Ship,Angela Marsons,Length: 8 hrs and 31 mins
The Fall of Cadia,Angela Marsons,Length: 8 hrs and 31 mins
How to Tell the Truth,Angela Marsons,Length: 8 hrs and 31 mins
The Immortal Doc Holliday: Requiem,Angela Marsons,Length: 8 hrs and 31 mins
The Case of the Airborne Invasion,Angela Marsons,Length: 8 hrs and 31 mins
Forever,Angela Marsons,Length: 8 hrs and 31 mins
An Assassination on the Agenda,Angela Marsons,Length: 8 hrs and 31 mins
Three Heads Are Better,Angela Marsons,Length: 8 hrs and 31 mins
Tango Down,Angela Marsons,Length: 8 hrs and 31 mins
The Radley House Omnibus Books 1-4,Angela Marsons,Length: 8 hrs and 31 mins
Westport,Angela Marsons,Length: 8 hrs and 31 mins
After the Tide,Angela Marsons,Length: 8 hrs and 31 mins
Big City Goth GF,Angela Marsons,Length: 8 hrs and 31 mins
The Diva Goes Overboard,Angela Marsons,Length: 8 hrs and 31 mins
Ruling Sikthand,Angela Marsons,Length: 8 hrs and 31 mins
Tom Clancy Act of Defiance,Angela Marsons,Length: 8 hrs and 31 mins
The Path of Ascension 6,Angela Marsons,Length: 8 hrs and 31 mins
Entrances and Exits,Michael Richards,Length: 14 hrs and 45 mins
Lord of the Dragon Riders,Michael Richards,Length: 14 hrs and 45 mins
Dark Wolf Unchained,Michael Richards,Length: 14 hrs and 45 mins
Dungeon Diving 201,Michael Richards,Length: 14 hrs and 45 mins
"The Hunt: The True Story of Alaska's Most Notorious Serial Killer, Robert Hansen",Michael Richards,Length: 14 hrs and 45 mins
The Bunny Blues,Michael Richards,Length: 14 hrs and 45 mins
Bonded in Death,Michael Richards,Length: 14 hrs and 45 mins
The Varlet and the Voyeur,Michael Richards,Length: 14 hrs and 45 mins
Throne World,Michael Richards,Length: 14 hrs and 45 mins
My Secret Portal to a Fantasy World: Book 2,Michael Richards,Length: 14 hrs and 45 mins
With a Grain of Salt,Michael Richards,Length: 14 hrs and 45 mins
Reborn in Flames,Michael Richards,Length: 14 hrs and 45 mins
True Crime Storytime,Michael Richards,Length: 14 hrs and 45 mins
Joyful Recollections of Trauma,Michael Richards,Length: 14 hrs and 45 mins
The Guncle Abroad,Michael Richards,Length: 14 hrs and 45 mins
Knights Apocalyptica,Michael Richards,Length: 14 hrs and 45 mins
Portrait of a Portrait,Michael Richards,Length: 14 hrs and 45 mins
In My Time of Dying,Michael Richards,Length: 14 hrs and 45 mins
Alliance,Michael Richards,Length: 14 hrs and 45 mins
Beware of Chicken 4: A Xianxia Cultivation Novel,Michael Richards,Length: 14 hrs and 45 mins
Dungeon Core Guardians 2,Jack Spry,Length: 12 hrs and 9 mins
Loyalty,Jack Spry,Length: 12 hrs and 9 mins
Sheltered,Jack Spry,Length: 12 hrs and 9 mins
Long Time Gone,Jack Spry,Length: 12 hrs and 9 mins
Hunting Justice,Jack Spry,Length: 12 hrs and 9 mins
The Legend of Randidly Ghosthound 7,Jack Spry,Length: 12 hrs and 9 mins
Lies and Weddings,Jack Spry,Length: 12 hrs and 9 mins
Business Is About to Pick Up!,Jack Spry,Length: 12 hrs and 9 mins
The Boyfriend,Jack Spry,Length: 12 hrs and 9 mins
Will Leave the Galaxy for Good,Jack Spry,Length: 12 hrs and 9 mins
What a Fool Believes,Jack Spry,Length: 12 hrs and 9 mins
The Keeper,Jack Spry,Length: 12 hrs and 9 mins
From Pemberley to Gretna Green: A Pride and Prejudice Variation,Jack Spry,Length: 12 hrs and 9 mins
Eruption,Jack Spry,Length: 12 hrs and 9 mins
Once upon a Time,Jack Spry,Length: 12 hrs and 9 mins
Get Honest or Die Lying,Jack Spry,Length: 12 hrs and 9 mins
Isekai Emperor,Jack Spry,Length: 12 hrs and 9 mins
Heavenbreaker,Jack Spry,Length: 12 hrs and 9 mins
The Daymakers,Jack Spry,Length: 12 hrs and 9 mins
Battleborn,Jack Spry,Length: 12 hrs and 9 mins
Habits for a Sacred Home,Jennifer Pepito,Length: 5 hrs and 6 mins
Attachment Styles + Workbook 2-in-1 Bundle,Jennifer Pepito,Length: 5 hrs and 6 mins
"The Complete Tall, Dark and Darcy Collection: A Pride and Prejudice Variation Book Series",Jennifer Pepito,Length: 5 hrs and 6 mins
Monsters Mayhem & Misfits 3,Jennifer Pepito,Length: 5 hrs and 6 mins
"Kennedy Stern Christian Suspense Box Set, Books 1-3",Jennifer Pepito,Length: 5 hrs and 6 mins
I Hope This Finds You Well,Jennifer Pepito,Length: 5 hrs and 6 mins
Rock Chick Rematch: A Rock Chick Novella,Jennifer Pepito,Length: 5 hrs and 6 mins
A Queen This Fierce and Deadly,Jennifer Pepito,Length: 5 hrs and 6 mins
Mind Games,Jennifer Pepito,Length: 5 hrs and 6 mins
Battle with Fire (Dramatized Adaptation),Jennifer Pepito,Length: 5 hrs and 6 mins
Fitzwilliam Darcy: An Honorable Man,Jennifer Pepito,Length: 5 hrs and 6 mins
A Limited Edition Murder,Jennifer Pepito,Length: 5 hrs and 6 mins
Mandate of Heaven,Jennifer Pepito,Length: 5 hrs and 6 mins
House of Sky and Breath (Part 1 of 2) (Dramatized Adaptation),Jennifer Pepito,Length: 5 hrs and 6 mins
Abandoned,Jennifer Pepito,Length: 5 hrs and 6 mins
Onyx Storm,Jennifer Pepito,Length: 5 hrs and 6 mins
Point Blank,Jennifer Pepito,Length: 5 hrs and 6 mins
The Fifth Victim,Jennifer Pepito,Length: 5 hrs and 6 mins
What This Comedian Said Will Shock You,Jennifer Pepito,Length: 5 hrs and 6 mins
A Team of Six,Jennifer Pepito,Length: 5 hrs and 6 mins
Carnivore Diet,Shawn Baker,Length: 7 hrs and 51 mins
Rise,Shawn Baker,Length: 7 hrs and 51 mins
The Copper Valley Fireballs Complete Series,Shawn Baker,Length: 7 hrs and 51 mins
You Like It Darker,Shawn Baker,Length: 7 hrs and 51 mins
The Medicine Woman of Galveston,Shawn Baker,Length: 7 hrs and 51 mins
Swimming Against the Current,Shawn Baker,Length: 7 hrs and 51 mins
In Our Stars,Shawn Baker,Length: 7 hrs and 51 mins
One Perfect Couple,Shawn Baker,Length: 7 hrs and 51 mins
Help! My Mind Is Under Attack,Shawn Baker,Length: 7 hrs and 51 mins
Unloved,Shawn Baker,Length: 7 hrs and 51 mins
To Be Loved,Shawn Baker,Length: 7 hrs and 51 mins
9 Simple Steps to Sell More $h!t,Shawn Baker,Length: 7 hrs and 51 mins
The Way of Ronin,Shawn Baker,Length: 7 hrs and 51 mins
The Cycle of Galand,Shawn Baker,Length: 7 hrs and 51 mins
The Last Murder at the End of the World,Shawn Baker,Length: 7 hrs and 51 mins
Wayward Earth,Shawn Baker,Length: 7 hrs and 51 mins
Millionaire Mission,Shawn Baker,Length: 7 hrs and 51 mins
The Colour of Mystery,Shawn Baker,Length: 7 hrs and 51 mins
"Right Thing, Right Now",Shawn Baker,Length: 7 hrs and 51 mins
Savor It,Shawn Baker,Length: 7 hrs and 51 mins
Burnt Echo,Rhys Dylan,Length: 8 hrs and 49 mins
With Each Tomorrow,Rhys Dylan,Length: 8 hrs and 49 mins
Liar's Point,Rhys Dylan,Length: 8 hrs and 49 mins
Tested by Temptation,Rhys Dylan,Length: 8 hrs and 49 mins
Take Back Your Brain,Rhys Dylan,Length: 8 hrs and 49 mins
Rise of the Cheat Potion Maker,Rhys Dylan,Length: 8 hrs and 49 mins
Tress of the Emerald Sea,Rhys Dylan,Length: 8 hrs and 49 mins
Tom Clancy Defense Protocol,Rhys Dylan,Length: 8 hrs and 49 mins
Wind and Truth,Rhys Dylan,Length: 8 hrs and 49 mins
Day Trading Attention,Rhys Dylan,Length: 8 hrs and 49 mins
The Venture Mindset,Rhys Dylan,Length: 8 hrs and 49 mins
Passions in Death,Rhys Dylan,Length: 8 hrs and 49 mins
Guided Meditation Essentials Bundle,Rhys Dylan,Length: 8 hrs and 49 mins
"Heretical Fishing 2: A Cozy Guide to Annoying the Cults, Outsmarting the Fish, and Alienating Oneself",Rhys Dylan,Length: 8 hrs and 49 mins
Heavy Is the Crown,Rhys Dylan,Length: 8 hrs and 49 mins
The Ten Keys to Total Freedom,Rhys Dylan,Length: 8 hrs and 49 mins
The Sisters of Corinth,Rhys Dylan,Length: 8 hrs and 49 mins
The Bible Unfiltered,Rhys Dylan,Length: 8 hrs and 49 mins
Fighting Shadows,Rhys Dylan,Length: 8 hrs and 49 mins
World Nexus,Rhys Dylan,Length: 8 hrs and 49 mins
Master of the World,Lars Machmüller,Length: 13 hrs and 36 mins
The Last Hope,Lars Machmüller,Length: 13 hrs and 36 mins
Taming a Heartbreaker,Lars Machmüller,Length: 13 hrs and 36 mins
How to Become the Dark Lord and Die Trying,Lars Machmüller,Length: 13 hrs and 36 mins
Mystical Bedtime Stories for Stressed Out Adults,Lars Machmüller,Length: 13 hrs and 36 mins
The Mirror,Lars Machmüller,Length: 13 hrs and 36 mins
From Wall Street to the White House and Back,Lars Machmüller,Length: 13 hrs and 36 mins
Conjured Chaos Kisses,Lars Machmüller,Length: 13 hrs and 36 mins
"The Alex Mason Series, Books 1-3",Lars Machmüller,Length: 13 hrs and 36 mins
Battlemaster,Lars Machmüller,Length: 13 hrs and 36 mins
The Warfighter's Lounge,Lars Machmüller,Length: 13 hrs and 36 mins
Longing,Lars Machmüller,Length: 13 hrs and 36 mins
I Can Fix This,Lars Machmüller,Length: 13 hrs and 36 mins
Ambassador for Mars,Lars Machmüller,Length: 13 hrs and 36 mins
Saints and Sinners,Lars Machmüller,Length: 13 hrs and 36 mins
Not in Love,Lars Machmüller,Length: 13 hrs and 36 mins
The Occult Oversight,Lars Machmüller,Length: 13 hrs and 36 mins
House Wolf,Lars Machmüller,Length: 13 hrs and 36 mins
Threads of Destiny: Volume 3,Lars Machmüller,Length: 13 hrs and 36 mins
Sexy Beast,Lars Machmüller,Length: 13 hrs and 36 mins
Harry Potter and the Goblet of Fire (Narrated by Stephen Fry),J.K. Rowling,Length: 20 hrs and 54 mins
The Witch of Webs,J.K. Rowling,Length: 20 hrs and 54 mins
The Scorpion and the Lion,J.K. Rowling,Length: 20 hrs and 54 mins
Hell Difficulty Tutorial,J.K. Rowling,Length: 20 hrs and 54 mins
Red Sky Mourning,J.K. Rowling,Length: 20 hrs and 54 mins
Now or Never,J.K. Rowling,Length: 20 hrs and 54 mins
The Butcher Game,J.K. Rowling,Length: 20 hrs and 54 mins
Throne in the Dark,J.K. Rowling,Length: 20 hrs and 54 mins
The Secret Fiancée,J.K. Rowling,Length: 20 hrs and 54 mins
Avoidant Attachment Affirmations,J.K. Rowling,Length: 20 hrs and 54 mins
Frigid Magic,J.K. Rowling,Length: 20 hrs and 54 mins
LastRock,J.K. Rowling,Length: 20 hrs and 54 mins
I Dare You Not to Bore Me with the Bible,J.K. Rowling,Length: 20 hrs and 54 mins
Way of the Wolf,J.K. Rowling,Length: 20 hrs and 54 mins
Hell Divers XII: Heroes,J.K. Rowling,Length: 20 hrs and 54 mins
The Songbird and the Heart of Stone,J.K. Rowling,Length: 20 hrs and 54 mins
Shameless,J.K. Rowling,Length: 20 hrs and 54 mins
Once You're Mine,J.K. Rowling,Length: 20 hrs and 54 mins
The Full-Body Fat Fix,J.K. Rowling,Length: 20 hrs and 54 mins
Swiped,J.K. Rowling,Length: 20 hrs and 54 mins
The Burning Witch 3: A Humorous Romantic Fantasy,Delemhach,Length: 17 hrs and 59 mins
Cold Hearted,Delemhach,Length: 17 hrs and 59 mins
Zodiac Academy (Dramatized Adaptation),Delemhach,Length: 17 hrs and 59 mins
Well and Truly Pucked,Delemhach,Length: 17 hrs and 59 mins
The Language of Letting Go,Delemhach,Length: 17 hrs and 59 mins
Together in a Broken World,Delemhach,Length: 17 hrs and 59 mins
First Frost,Delemhach,Length: 17 hrs and 59 mins
Arcane Knight Omnibus,Delemhach,Length: 17 hrs and 59 mins
Jake's Magical Market 3,Delemhach,Length: 17 hrs and 59 mins
Slo-Mo,Delemhach,Length: 17 hrs and 59 mins
The Waiting,Delemhach,Length: 17 hrs and 59 mins
The Heiress’s Daughter,Delemhach,Length: 17 hrs and 59 mins
Diary of a Wimpy Kid: Hot Mess,Delemhach,Length: 17 hrs and 59 mins
Final Strike,Delemhach,Length: 17 hrs and 59 mins
Swan Song,Delemhach,Length: 17 hrs and 59 mins
We Who Wrestle with God,Delemhach,Length: 17 hrs and 59 mins
The Only Light Left Burning,Delemhach,Length: 17 hrs and 59 mins
Noble Bearings,Delemhach,Length: 17 hrs and 59 mins
Still Waters,Delemhach,Length: 17 hrs and 59 mins
Legend of the Arch Magus: Publisher's Pack 6,Delemhach,Length: 17 hrs and 59 mins
Proven Strength,Daniel Schinhofen,Length: 12 hrs and 15 mins
The Bungalow on Shadow Road,Daniel Schinhofen,Length: 12 hrs and 15 mins
Rogue Ascension 3: A Progression LitRPG,Daniel Schinhofen,Length: 12 hrs and 15 mins
House of Earth and Blood (Part 2 of 2) (Dramatized Adaptation),Daniel Schinhofen,Length: 12 hrs and 15 mins
Capture or Kill,Daniel Schinhofen,Length: 12 hrs and 15 mins
Erotica for Women: Sex Stories,Daniel Schinhofen,Length: 12 hrs and 15 mins
The Black Bird Oracle,Daniel Schinhofen,Length: 12 hrs and 15 mins
Game Plan,Daniel Schinhofen,Length: 12 hrs and 15 mins
Taming a Heartbreaker & A Little Bit of Love,Daniel Schinhofen,Length: 12 hrs and 15 mins
Harry Potter and the Order of the Phoenix (Narrated by Stephen Fry),Daniel Schinhofen,Length: 12 hrs and 15 mins
The Flowering War,Daniel Schinhofen,Length: 12 hrs and 15 mins
The Sunlit Man,Daniel Schinhofen,Length: 12 hrs and 15 mins
How to Become Famous,Daniel Schinhofen,Length: 12 hrs and 15 mins
Leather & Lark,Daniel Schinhofen,Length: 12 hrs and 15 mins
The Unconquerable Leader,Daniel Schinhofen,Length: 12 hrs and 15 mins
Sand and Foam,Daniel Schinhofen,Length: 12 hrs and 15 mins
In Too Deep,Daniel Schinhofen,Length: 12 hrs and 15 mins
The Frugal Wizard’s Handbook for Surviving Medieval England,Daniel Schinhofen,Length: 12 hrs and 15 mins
Service Model,Daniel Schinhofen,Length: 12 hrs and 15 mins
Dog Smart,Daniel Schinhofen,Length: 12 hrs and 15 mins
Rogue Ascension 3: A Progression LitRPG,Hunter Mythos,Length: 13 hrs and 40 mins
The Lord Ruler,Hunter Mythos,Length: 13 hrs and 40 mins
House of Earth and Blood (Part 2 of 2) (Dramatized Adaptation),Hunter Mythos,Length: 13 hrs and 40 mins
Capture or Kill,Hunter Mythos,Length: 13 hrs and 40 mins
Erotica for Women: Sex Stories,Hunter Mythos,Length: 13 hrs and 40 mins
The Black Bird Oracle,Hunter Mythos,Length: 13 hrs and 40 mins
Game Plan,Hunter Mythos,Length: 13 hrs and 40 mins
Taming a Heartbreaker & A Little Bit of Love,Hunter Mythos,Length: 13 hrs and 40 mins
Harry Potter and the Order of the Phoenix (Narrated by Stephen Fry),Hunter Mythos,Length: 13 hrs and 40 mins
The Flowering War,Hunter Mythos,Length: 13 hrs and 40 mins
The Sunlit Man,Hunter Mythos,Length: 13 hrs and 40 mins
How to Become Famous,Hunter Mythos,Length: 13 hrs and 40 mins
Leather & Lark,Hunter Mythos,Length: 13 hrs and 40 mins
The Unconquerable Leader,Hunter Mythos,Length: 13 hrs and 40 mins
Sand and Foam,Hunter Mythos,Length: 13 hrs and 40 mins
In Too Deep,Hunter Mythos,Length: 13 hrs and 40 mins
The Frugal Wizard’s Handbook for Surviving Medieval England,Hunter Mythos,Length: 13 hrs and 40 mins
Service Model,Hunter Mythos,Length: 13 hrs and 40 mins
Dog Smart,Hunter Mythos,Length: 13 hrs and 40 mins
The Morning Mind,Hunter Mythos,Length: 13 hrs and 40 mins
Bring Her Home,David Bell,Length: 11 hrs and 55 mins
How to Win a Grand Prix,David Bell,Length: 11 hrs and 55 mins
Harry Potter and the Philosopher's Stone (Narrated by Stephen Fry),David Bell,Length: 11 hrs and 55 mins
Children of Dune,David Bell,Length: 11 hrs and 55 mins
Lieutenant Colonel,David Bell,Length: 11 hrs and 55 mins
Burned Dreams,David Bell,Length: 11 hrs and 55 mins
Harry Potter and the Chamber of Secrets (Narrated by Stephen Fry),David Bell,Length: 11 hrs and 55 mins
The Writer's Library,David Bell,Length: 11 hrs and 55 mins
Kingdom Come,David Bell,Length: 11 hrs and 55 mins
Paladin's Faith,David Bell,Length: 11 hrs and 55 mins
The Queen's Starfire Throne,David Bell,Length: 11 hrs and 55 mins
The Package,David Bell,Length: 11 hrs and 55 mins
Escaping the Housing Trap,David Bell,Length: 11 hrs and 55 mins
The Lies About Forever,David Bell,Length: 11 hrs and 55 mins
Just One More Moment,David Bell,Length: 11 hrs and 55 mins
The Last Refuge,David Bell,Length: 11 hrs and 55 mins
Secrets and Strife: An Isekai LitRPG,David Bell,Length: 11 hrs and 55 mins
Harry Potter and the Half-Blood Prince (Narrated by Stephen Fry),David Bell,Length: 11 hrs and 55 mins
Swamp Spies,David Bell,Length: 11 hrs and 55 mins
Harry Potter and the Prisoner of Azkaban (Narrated by Stephen Fry),David Bell,Length: 11 hrs and 55 mins
Assist,Alexandria House,Length: 6 hrs and 27 mins
Children of Anguish and Anarchy,Alexandria House,Length: 6 hrs and 27 mins
Mr. Straight Up No Chaser,Alexandria House,Length: 6 hrs and 27 mins
The Dixon Rule,Alexandria House,Length: 6 hrs and 27 mins
World Undone,Alexandria House,Length: 6 hrs and 27 mins
Searching for Redemption,Alexandria House,Length: 6 hrs and 27 mins
Believe It or Knot: Part Two,Alexandria House,Length: 6 hrs and 27 mins
American Civil Wars,Alexandria House,Length: 6 hrs and 27 mins
Patton's Prayer,Alexandria House,Length: 6 hrs and 27 mins
Medical Spanish Terminology,Alexandria House,Length: 6 hrs and 27 mins
Born of Blood and Ash,Alexandria House,Length: 6 hrs and 27 mins
Firefly: Aim to Misbehave,Alexandria House,Length: 6 hrs and 27 mins
The Housemaid Is Watching,Alexandria House,Length: 6 hrs and 27 mins
Winter Lost,Alexandria House,Length: 6 hrs and 27 mins
Monster Hunter Fantom,Alexandria House,Length: 6 hrs and 27 mins
Just for the Summer,Alexandria House,Length: 6 hrs and 27 mins
The New Rules,Alexandria House,Length: 6 hrs and 27 mins
The Elysean Trials,Alexandria House,Length: 6 hrs and 27 mins
Harry Potter and the Deathly Hallows (Narrated by Stephen Fry),Alexandria House,Length: 6 hrs and 27 mins
God Emperor of Dune,Alexandria House,Length: 6 hrs and 27 mins
La teoría sintérgica [Sintergy Theory],Jacobo Grinberg-Zylberbaum,Length: 3 hrs and 29 mins
The Understory,Jacobo Grinberg-Zylberbaum,Length: 3 hrs and 29 mins
A Calamity of Souls,Jacobo Grinberg-Zylberbaum,Length: 3 hrs and 29 mins
Apostles of Mercy,Jacobo Grinberg-Zylberbaum,Length: 3 hrs and 29 mins
How to Be a Patient,Jacobo Grinberg-Zylberbaum,Length: 3 hrs and 29 mins
Reborn as a Demonic Tree 2,Jacobo Grinberg-Zylberbaum,Length: 3 hrs and 29 mins
Butcher,Jacobo Grinberg-Zylberbaum,Length: 3 hrs and 29 mins
Star Wars: Temptation of the Force (The High Republic),Jacobo Grinberg-Zylberbaum,Length: 3 hrs and 29 mins
Saintess Summons Skeletons: Book 1,Jacobo Grinberg-Zylberbaum,Length: 3 hrs and 29 mins
The Dragon King's Egg,Jacobo Grinberg-Zylberbaum,Length: 3 hrs and 29 mins
"You’re on Fire, It’s Fine",Jacobo Grinberg-Zylberbaum,Length: 3 hrs and 29 mins
Control,Jacobo Grinberg-Zylberbaum,Length: 3 hrs and 29 mins
Dust Off the Bones,Jacobo Grinberg-Zylberbaum,Length: 3 hrs and 29 mins
Counting Miracles,Jacobo Grinberg-Zylberbaum,Length: 3 hrs and 29 mins
All the Skills 4: A Deck-Building LitRPG,Jacobo Grinberg-Zylberbaum,Length: 3 hrs and 29 mins
"Sincerely, Her Gangsta",Jacobo Grinberg-Zylberbaum,Length: 3 hrs and 29 mins
Reckless,Jacobo Grinberg-Zylberbaum,Length: 3 hrs and 29 mins
Warrior King,Jacobo Grinberg-Zylberbaum,Length: 3 hrs and 29 mins
Tyrannical Supervillains Are Scheming and All I Got Is This Stat Menu,Jacobo Grinberg-Zylberbaum,Length: 3 hrs and 29 mins
Start with Your People,Jacobo Grinberg-Zylberbaum,Length: 3 hrs and 29 mins
The Laws of Human Nature,Robert Greene,Length: 28 hrs and 26 mins
Addicted to the Pain,Robert Greene,Length: 28 hrs and 26 mins
This Woman Forever,Robert Greene,Length: 28 hrs and 26 mins
If You Tell,Robert Greene,Length: 28 hrs and 26 mins
Son of the Hero King,Robert Greene,Length: 28 hrs and 26 mins
King of Sloth,Robert Greene,Length: 28 hrs and 26 mins
Lion of Hearts,Robert Greene,Length: 28 hrs and 26 mins
Eve of Redemption: Books 1-6,Robert Greene,Length: 28 hrs and 26 mins
Claiming Her Legacy,Robert Greene,Length: 28 hrs and 26 mins
The Whole Story,Robert Greene,Length: 28 hrs and 26 mins
"Truth Is the Arrow, Mercy Is the Bow",Robert Greene,Length: 28 hrs and 26 mins
Magic Gifts (Dramatized Adaptation),Robert Greene,Length: 28 hrs and 26 mins
House of Sky and Breath,Robert Greene,Length: 28 hrs and 26 mins
This Is Why We Lied,Robert Greene,Length: 28 hrs and 26 mins
"Prepper, Book 4",Robert Greene,Length: 28 hrs and 26 mins
Camino Ghosts,Robert Greene,Length: 28 hrs and 26 mins
Sanctum of the Soul,Robert Greene,Length: 28 hrs and 26 mins
Fragile Sanctuary,Robert Greene,Length: 28 hrs and 26 mins
Highland Surrender,Robert Greene,Length: 28 hrs and 26 mins
A Court of Wings and Ruin,Robert Greene,Length: 28 hrs and 26 mins
Reluctantly Royal,Erin Nicolle,Length: 14 hrs and 4 mins
Mad Love,Erin Nicolle,Length: 14 hrs and 4 mins
Point Nemo,Erin Nicolle,Length: 14 hrs and 4 mins
Oathbringer,Erin Nicolle,Length: 14 hrs and 4 mins
The Worst of You,Erin Nicolle,Length: 14 hrs and 4 mins
Do What Feels Good,Erin Nicolle,Length: 14 hrs and 4 mins
House of Earth and Blood,Erin Nicolle,Length: 14 hrs and 4 mins
Dark Matter (Movie Tie-In),Erin Nicolle,Length: 14 hrs and 4 mins
Death's End,Erin Nicolle,Length: 14 hrs and 4 mins
The Dark Refrain,Erin Nicolle,Length: 14 hrs and 4 mins
Fire and Ash,Erin Nicolle,Length: 14 hrs and 4 mins
Southern Man,Erin Nicolle,Length: 14 hrs and 4 mins
You Never Know,Erin Nicolle,Length: 14 hrs and 4 mins
The Republic: Annotated,Erin Nicolle,Length: 14 hrs and 4 mins
The Vanishing Deep,Erin Nicolle,Length: 14 hrs and 4 mins
A Few Against Many,Erin Nicolle,Length: 14 hrs and 4 mins
A Court of Frost and Starlight,Erin Nicolle,Length: 14 hrs and 4 mins
The Hero of Ages,Erin Nicolle,Length: 14 hrs and 4 mins
Terminal Impact,Erin Nicolle,Length: 14 hrs and 4 mins
Do You Take This Man,Erin Nicolle,Length: 14 hrs and 4 mins
"Brown Faces, White Spaces",Latasha Morrison,Length: 7 hrs and 36 mins
The Nurse Behind the Gates,Latasha Morrison,Length: 7 hrs and 36 mins
"Succubus Summoner, Part 3",Latasha Morrison,Length: 7 hrs and 36 mins
The Resilience Myth,Latasha Morrison,Length: 7 hrs and 36 mins
Words of Radiance,Latasha Morrison,Length: 7 hrs and 36 mins
Wait,Latasha Morrison,Length: 7 hrs and 36 mins
The Coppersmith Farmhouse,Latasha Morrison,Length: 7 hrs and 36 mins
Voracious,Latasha Morrison,Length: 7 hrs and 36 mins
No B.S. Direct Marketing,Latasha Morrison,Length: 7 hrs and 36 mins
Cascade,Latasha Morrison,Length: 7 hrs and 36 mins
Mark of the Fool 5,Latasha Morrison,Length: 7 hrs and 36 mins
The Home-Wrecker,Latasha Morrison,Length: 7 hrs and 36 mins
Crown of Midnight,Latasha Morrison,Length: 7 hrs and 36 mins
Dune Messiah,Latasha Morrison,Length: 7 hrs and 36 mins
Ninth City Burning,Latasha Morrison,Length: 7 hrs and 36 mins
There Goes the Groom,Latasha Morrison,Length: 7 hrs and 36 mins
The Perfect Fit,Latasha Morrison,Length: 7 hrs and 36 mins
The Dying Game,Latasha Morrison,Length: 7 hrs and 36 mins
"Harry Potter and the Goblet of Fire, Book 4",Latasha Morrison,Length: 7 hrs and 36 mins
A Clash of Kings,Latasha Morrison,Length: 7 hrs and 36 mins
The Shake Off,Lulu Moore,Length: 10 hrs and 33 mins
The Primeval Apocalypse 3,Lulu Moore,Length: 10 hrs and 33 mins
Master Mentors Volume 2,Lulu Moore,Length: 10 hrs and 33 mins
How the Book of Mormon Came to Pass,Lulu Moore,Length: 10 hrs and 33 mins
A Court of Frost and Starlight (Dramatized Adaptation),Lulu Moore,Length: 10 hrs and 33 mins
"Baby, Unplugged",Lulu Moore,Length: 10 hrs and 33 mins
Nine Month Contract,Lulu Moore,Length: 10 hrs and 33 mins
The 21 Most Powerful Minutes in a Leader's Day,Lulu Moore,Length: 10 hrs and 33 mins
The Chronicles of Narnia Complete Audio Collection,Lulu Moore,Length: 10 hrs and 33 mins
Bridesmaid for Hire,Lulu Moore,Length: 10 hrs and 33 mins
A Storm of Swords,Lulu Moore,Length: 10 hrs and 33 mins
The Mad Mick Box Set Volume 2,Lulu Moore,Length: 10 hrs and 33 mins
He Who Fights with Monsters 5,Lulu Moore,Length: 10 hrs and 33 mins
The Fellowship of the Ring,Lulu Moore,Length: 10 hrs and 33 mins
Queen of Shadows,Lulu Moore,Length: 10 hrs and 33 mins
The Sunshine Sisters,Lulu Moore,Length: 10 hrs and 33 mins
Credence,Lulu Moore,Length: 10 hrs and 33 mins
Reversing Alzheimer's,Lulu Moore,Length: 10 hrs and 33 mins
The Two Towers,Lulu Moore,Length: 10 hrs and 33 mins
The Princess Will Save You,Lulu Moore,Length: 10 hrs and 33 mins
Deck of Destiny 4,Dante King,Length: 8 hrs and 49 mins
The Holy Thief,Dante King,Length: 8 hrs and 49 mins
Seven Summers,Dante King,Length: 8 hrs and 49 mins
"Autocracy, Inc.",Dante King,Length: 8 hrs and 49 mins
The Leader's Journey,Dante King,Length: 8 hrs and 49 mins
Wide Awake,Dante King,Length: 8 hrs and 49 mins
Empire of Storms,Dante King,Length: 8 hrs and 49 mins
Pack Light,Dante King,Length: 8 hrs and 49 mins
Rhythm of War,Dante King,Length: 8 hrs and 49 mins
The Dressmaker's Dowry,Dante King,Length: 8 hrs and 49 mins
Goblin Girl Maid Service Omnibus,Dante King,Length: 8 hrs and 49 mins
He Who Fights with Monsters: A LitRPG Adventure,Dante King,Length: 8 hrs and 49 mins
The Duke and I,Dante King,Length: 8 hrs and 49 mins
The Wise Man's Fear,Dante King,Length: 8 hrs and 49 mins
The Summer Pact,Dante King,Length: 8 hrs and 49 mins
Cultured,Dante King,Length: 8 hrs and 49 mins
The Dark Forest,Dante King,Length: 8 hrs and 49 mins
Fairy Tale,Dante King,Length: 8 hrs and 49 mins
Maxwell's Demon,Dante King,Length: 8 hrs and 49 mins
The Dungeon Anarchist's Cookbook,Dante King,Length: 8 hrs and 49 mins
Pliable Truths,Dayton Ward,Length: 11 hrs
Till Death,Dayton Ward,Length: 11 hrs
Confessions of an Innocent Man,Dayton Ward,Length: 11 hrs
Team,Dayton Ward,Length: 11 hrs
Ruthlessly His: A Dark Billionaire Contemporary Romance,Dayton Ward,Length: 11 hrs
Iron Fist: Star Wars Legends (X-Wing),Dayton Ward,Length: 11 hrs
Kingdom of Ash,Dayton Ward,Length: 11 hrs
Heir of Fire,Dayton Ward,Length: 11 hrs
Maybe This Time,Dayton Ward,Length: 11 hrs
Skies over Caledonia,Dayton Ward,Length: 11 hrs
The Teacher,Dayton Ward,Length: 11 hrs
The One I Left Behind,Dayton Ward,Length: 11 hrs
The Fallen One,Dayton Ward,Length: 11 hrs
The Secret Language of the Body,Dayton Ward,Length: 11 hrs
A Court of Wings and Ruin (Part 3 of 3) (Dramatized Adaptation),Dayton Ward,Length: 11 hrs
Behind Closed Doors,Dayton Ward,Length: 11 hrs
"The Silencer Series Box Set, Books 17-20",Dayton Ward,Length: 11 hrs
Blood of Ancients,Dayton Ward,Length: 11 hrs
48 Laws of Power,Dayton Ward,Length: 11 hrs
Deadfall,Dayton Ward,Length: 11 hrs
Crimson Skies,Jaymin Eve,Length: 10 hrs and 10 mins
Sentinel,Jaymin Eve,Length: 10 hrs and 10 mins
Morning Star,Jaymin Eve,Length: 10 hrs and 10 mins
Twisted Love,Jaymin Eve,Length: 10 hrs and 10 mins
Volatile,Jaymin Eve,Length: 10 hrs and 10 mins
Permission Granted,Jaymin Eve,Length: 10 hrs and 10 mins
Countdown,Jaymin Eve,Length: 10 hrs and 10 mins
Path of the Berserker 2: A Daopocalypse Progression Fantasy,Jaymin Eve,Length: 10 hrs and 10 mins
Close Quarters,Jaymin Eve,Length: 10 hrs and 10 mins
Privilege,Jaymin Eve,Length: 10 hrs and 10 mins
Lies I Taught in Medical School,Jaymin Eve,Length: 10 hrs and 10 mins
The Girl Who Was Taken,Jaymin Eve,Length: 10 hrs and 10 mins
This Could Be Us,Jaymin Eve,Length: 10 hrs and 10 mins
A Sliver of Darkness,Jaymin Eve,Length: 10 hrs and 10 mins
Season of Wrath,Jaymin Eve,Length: 10 hrs and 10 mins
My Darcy,Jaymin Eve,Length: 10 hrs and 10 mins
Fourth Wing (Part 2 of 2) (Dramatized Adaptation),Jaymin Eve,Length: 10 hrs and 10 mins
How to Get Unstuck,Jaymin Eve,Length: 10 hrs and 10 mins
Aeons,Jaymin Eve,Length: 10 hrs and 10 mins
Warring Insanity,Jaymin Eve,Length: 10 hrs and 10 mins
No Man's Land,Simon Tolkien,Length: 19 hrs and 13 mins
Dead Meat,Simon Tolkien,Length: 19 hrs and 13 mins
The Baby Plan,Simon Tolkien,Length: 19 hrs and 13 mins
License to Parent,Simon Tolkien,Length: 19 hrs and 13 mins
We Can Only Save Ourselves,Simon Tolkien,Length: 19 hrs and 13 mins
The Mask Falling,Simon Tolkien,Length: 19 hrs and 13 mins
How to Talk to Anyone,Simon Tolkien,Length: 19 hrs and 13 mins
Fall with Me,Simon Tolkien,Length: 19 hrs and 13 mins
"Days of Want Series, Books 1-7",Simon Tolkien,Length: 19 hrs and 13 mins
The Client List,Simon Tolkien,Length: 19 hrs and 13 mins
Wicked Truths,Simon Tolkien,Length: 19 hrs and 13 mins
The Kidnapping of Edgardo Mortara,Simon Tolkien,Length: 19 hrs and 13 mins
He Who Fights with Monsters 4,Simon Tolkien,Length: 19 hrs and 13 mins
The Crown of Gilded Bones,Simon Tolkien,Length: 19 hrs and 13 mins
Secrets of a Fruitful Heart,Simon Tolkien,Length: 19 hrs and 13 mins
101 Essays That Will Change the Way You Think,Simon Tolkien,Length: 19 hrs and 13 mins
The Immortals of Tehran,Simon Tolkien,Length: 19 hrs and 13 mins
Light Bringer,Simon Tolkien,Length: 19 hrs and 13 mins
The 99 Boyfriends of Micah Summers,Simon Tolkien,Length: 19 hrs and 13 mins
Restless Stars,Simon Tolkien,Length: 19 hrs and 13 mins
The Chaos Agent,Mark Greaney,Length: 17 hrs and 34 mins
The 24th Hour,Mark Greaney,Length: 17 hrs and 34 mins
The Well of Ascension,Mark Greaney,Length: 17 hrs and 34 mins
The Rise and Fall of the Third Reich,Mark Greaney,Length: 17 hrs and 34 mins
The Cleopatras,Mark Greaney,Length: 17 hrs and 34 mins
Goddess of the River,Mark Greaney,Length: 17 hrs and 34 mins
The Surrogate,Mark Greaney,Length: 17 hrs and 34 mins
A Kingdom of Flesh and Fire,Mark Greaney,Length: 17 hrs and 34 mins
An Amish Family,Mark Greaney,Length: 17 hrs and 34 mins
Live Happy,Mark Greaney,Length: 17 hrs and 34 mins
Healing Your Inner Child,Mark Greaney,Length: 17 hrs and 34 mins
Unclutter Your Soul,Mark Greaney,Length: 17 hrs and 34 mins
"Chrysalis, Books 1-3",Mark Greaney,Length: 17 hrs and 34 mins
Here for the Wrong Reasons,Mark Greaney,Length: 17 hrs and 34 mins
Tower of Dawn,Mark Greaney,Length: 17 hrs and 34 mins
Heretics of Dune,Mark Greaney,Length: 17 hrs and 34 mins
Truth Truth Lie,Mark Greaney,Length: 17 hrs and 34 mins
When I Had You,Mark Greaney,Length: 17 hrs and 34 mins
Rune Seeker 3,Mark Greaney,Length: 17 hrs and 34 mins
Crowne Brothers Collection,Mark Greaney,Length: 17 hrs and 34 mins
Golden Son,Pierce Brown,Length: 19 hrs and 3 mins
Lucky,Pierce Brown,Length: 19 hrs and 3 mins
Becoming Supernatural,Pierce Brown,Length: 19 hrs and 3 mins
Carl's Doomsday Scenario,Pierce Brown,Length: 19 hrs and 3 mins
The Day I Died,Pierce Brown,Length: 19 hrs and 3 mins
NCMHCE Exam Prep,Pierce Brown,Length: 19 hrs and 3 mins
The Wanted,Pierce Brown,Length: 19 hrs and 3 mins
The Last Girls Standing,Pierce Brown,Length: 19 hrs and 3 mins
Divine Core,Pierce Brown,Length: 19 hrs and 3 mins
"Harry Potter and the Prisoner of Azkaban, Book 3",Pierce Brown,Length: 19 hrs and 3 mins
"Harry Potter and the Half-Blood Prince, Book 6",Pierce Brown,Length: 19 hrs and 3 mins
The Path of Ascension 5,Pierce Brown,Length: 19 hrs and 3 mins
The Roommate Risk,Pierce Brown,Length: 19 hrs and 3 mins
Devourer,Pierce Brown,Length: 19 hrs and 3 mins
The Path of Ascension: Books 1-3.5,Pierce Brown,Length: 19 hrs and 3 mins
The City and Its Uncertain Walls,Pierce Brown,Length: 19 hrs and 3 mins
Diver's Heart,Pierce Brown,Length: 19 hrs and 3 mins
Romancing Mister Bridgerton,Pierce Brown,Length: 19 hrs and 3 mins
The Bird's Nest,Pierce Brown,Length: 19 hrs and 3 mins
Dragonfly in Amber,Pierce Brown,Length: 19 hrs and 3 mins
Golden Son,Pierce Brown,Length: 19 hrs and 3 mins
Lucky,Pierce Brown,Length: 19 hrs and 3 mins
Becoming Supernatural,Pierce Brown,Length: 19 hrs and 3 mins
Carl's Doomsday Scenario,Pierce Brown,Length: 19 hrs and 3 mins
The Day I Died,Pierce Brown,Length: 19 hrs and 3 mins
NCMHCE Exam Prep,Pierce Brown,Length: 19 hrs and 3 mins
The Wanted,Pierce Brown,Length: 19 hrs and 3 mins
The Last Girls Standing,Pierce Brown,Length: 19 hrs and 3 mins
Divine Core,Pierce Brown,Length: 19 hrs and 3 mins
"Harry Potter and the Prisoner of Azkaban, Book 3",Pierce Brown,Length: 19 hrs and 3 mins
"Harry Potter and the Half-Blood Prince, Book 6",Pierce Brown,Length: 19 hrs and 3 mins
The Path of Ascension 5,Pierce Brown,Length: 19 hrs and 3 mins
The Roommate Risk,Pierce Brown,Length: 19 hrs and 3 mins
Devourer,Pierce Brown,Length: 19 hrs and 3 mins
The Path of Ascension: Books 1-3.5,Pierce Brown,Length: 19 hrs and 3 mins
The City and Its Uncertain Walls,Pierce Brown,Length: 19 hrs and 3 mins
Diver's Heart,Pierce Brown,Length: 19 hrs and 3 mins
Romancing Mister Bridgerton,Pierce Brown,Length: 19 hrs and 3 mins
The Bird's Nest,Pierce Brown,Length: 19 hrs and 3 mins
Dragonfly in Amber,Pierce Brown,Length: 19 hrs and 3 mins
